Datetime,Water Level (m)
2025-07-16 18:00:00,-0.1652815
2025-07-16 19:00:00,-0.19346932
2025-07-16 20:00:00,0.08427285
2025-07-16 21:00:00,0.42319185
2025-07-16 22:00:00,0.77855796
2025-07-16 23:00:00,1.1010331
2025-07-17 00:00:00,1.2538891
2025-07-17 01:00:00,1.1114938
2025-07-17 02:00:00,0.8374855
2025-07-17 03:00:00,0.58530354
2025-07-17 04:00:00,0.32344052
2025-07-17 05:00:00,0.08161444
2025-07-17 06:00:00,-0.11543954
2025-07-17 07:00:00,-0.1261259
2025-07-17 08:00:00,0.17684744
2025-07-17 09:00:00,0.5170295
2025-07-17 10:00:00,0.8737962
2025-07-17 11:00:00,1.1904355
2025-07-17 12:00:00,1.337699
2025-07-17 13:00:00,1.2053068
2025-07-17 14:00:00,0.9375354
2025-07-17 15:00:00,0.68291795
2025-07-17 16:00:00,0.4155921
2025-07-17 17:00:00,0.15995386
2025-07-17 18:00:00,-0.07559923
2025-07-17 19:00:00,-0.25389493
2025-07-17 20:00:00,-0.19097604
2025-07-17 21:00:00,0.12698774
2025-07-17 22:00:00,0.46705946
2025-07-17 23:00:00,0.8184639
2025-07-18 00:00:00,1.1059399
2025-07-18 01:00:00,1.2124736
2025-07-18 02:00:00,1.0339254
2025-07-18 03:00:00,0.79008365
2025-07-18 04:00:00,0.55335575
2025-07-18 05:00:00,0.31333515
2025-07-18 06:00:00,0.09151263
2025-07-18 07:00:00,-0.08367214
2025-07-18 08:00:00,-0.07026789
2025-07-18 09:00:00,0.22538124
2025-07-18 10:00:00,0.545028
2025-07-18 11:00:00,0.87511224
2025-07-18 12:00:00,1.1541283
2025-07-18 13:00:00,1.2722516
2025-07-18 14:00:00,1.1168135
2025-07-18 15:00:00,0.86856204
2025-07-18 16:00:00,0.6280413
2025-07-18 17:00:00,0.37292454
2025-07-18 18:00:00,0.13218158
2025-07-18 19:00:00,-0.085055865
2025-07-18 20:00:00,-0.23352319
2025-07-18 21:00:00,-0.11894739
2025-07-18 22:00:00,0.19362053
2025-07-18 23:00:00,0.5206403
2025-07-19 00:00:00,0.8596618
2025-07-19 01:00:00,1.1369442
2025-07-19 02:00:00,1.258232
2025-07-19 03:00:00,1.1154401
2025-07-19 04:00:00,0.87570494
2025-07-19 05:00:00,0.6487912
2025-07-19 06:00:00,0.41191158
2025-07-19 07:00:00,0.19633465
2025-07-19 08:00:00,0.027698211
2025-07-19 09:00:00,0.018590013
2025-07-19 10:00:00,0.27359867
2025-07-19 11:00:00,0.55117965
2025-07-19 12:00:00,0.8336627
2025-07-19 13:00:00,1.0701591
2025-07-19 14:00:00,1.1716672
2025-07-19 15:00:00,1.0276002
2025-07-19 16:00:00,0.7958242
2025-07-19 17:00:00,0.56911856
2025-07-19 18:00:00,0.33575538
2025-07-19 19:00:00,0.10917362
2025-07-19 20:00:00,-0.09262722
2025-07-19 21:00:00,-0.2270786
2025-07-19 22:00:00,-0.11702038
2025-07-19 23:00:00,0.1750523
2025-07-20 00:00:00,0.48505136
2025-07-20 01:00:00,0.81774765
2025-07-20 02:00:00,1.1076574
2025-07-20 03:00:00,1.2758594
2025-07-20 04:00:00,1.2217363
2025-07-20 05:00:00,0.99870765
2025-07-20 06:00:00,0.7768878
2025-07-20 07:00:00,0.54187346
2025-07-20 08:00:00,0.31556177
2025-07-20 09:00:00,0.12021235
2025-07-20 10:00:00,0.013073879
2025-07-20 11:00:00,0.16223533
2025-07-20 12:00:00,0.4303171
2025-07-20 13:00:00,0.69671625
2025-07-20 14:00:00,0.941098
2025-07-20 15:00:00,1.0848409
2025-07-20 16:00:00,1.0322018
2025-07-20 17:00:00,0.81615067
2025-07-20 18:00:00,0.6012962
2025-07-20 19:00:00,0.37138796
2025-07-20 20:00:00,0.14440165
2025-07-20 21:00:00,-0.06451932
2025-07-20 22:00:00,-0.22603482
2025-07-20 23:00:00,-0.20864788
2025-07-21 00:00:00,0.06984253
2025-07-21 01:00:00,0.38698462
2025-07-21 02:00:00,0.7377676
2025-07-21 03:00:00,1.0701884
2025-07-21 04:00:00,1.2959641
2025-07-21 05:00:00,1.3150699
2025-07-21 06:00:00,1.1111193
2025-07-21 07:00:00,0.87910765
2025-07-21 08:00:00,0.6430839
2025-07-21 09:00:00,0.4025959
2025-07-21 10:00:00,0.18867071
2025-07-21 11:00:00,0.024524828
2025-07-21 12:00:00,0.031097587
2025-07-21 13:00:00,0.29549387
2025-07-21 14:00:00,0.56965226
2025-07-21 15:00:00,0.8413265
2025-07-21 16:00:00,1.0493679
2025-07-21 17:00:00,1.0958166
2025-07-21 18:00:00,0.9072593
2025-07-21 19:00:00,0.6808232
2025-07-21 20:00:00,0.44611898
2025-07-21 21:00:00,0.20888995
2025-07-21 22:00:00,-0.014692798
2025-07-21 23:00:00,-0.20381777
2025-07-22 00:00:00,-0.26034254
2025-07-22 01:00:00,-0.0014211764
2025-07-22 02:00:00,0.3395746
2025-07-22 03:00:00,0.714753
2025-07-22 04:00:00,1.0900428
2025-07-22 05:00:00,1.3710339
2025-07-22 06:00:00,1.4248841
2025-07-22 07:00:00,1.2599806
2025-07-22 08:00:00,1.0063118
2025-07-22 09:00:00,0.7545546
2025-07-22 10:00:00,0.4948949
2025-07-22 11:00:00,0.24975581
2025-07-22 12:00:00,0.04240035
2025-07-22 13:00:00,-0.04541079
2025-07-22 14:00:00,0.1946422
2025-07-22 15:00:00,0.50794935
2025-07-22 16:00:00,0.8193892
2025-07-22 17:00:00,1.0898384
2025-07-22 18:00:00,1.2094321
